{
    "Accuracy": 0.9583333333333334,
    "Precision": [
        0.9999999999743591,
        0.9249999999768751,
        0.9512195121719216
    ],
    "Recall": [
        0.9999999999743591,
        0.9487179486936227,
        0.9285714285493198
    ],
    "F1_score": [
        0.9999999994743591,
        0.9367088602358596,
        0.9397590356220062
    ],
    "Confusion_Matrix": [
        [
            39,
            0,
            0
        ],
        [
            0,
            37,
            2
        ],
        [
            0,
            3,
            39
        ]
    ]
}