{
    "Accuracy": 0.9666666666666667,
    "Precision": [
        0.9999999999090909,
        0.9999999999,
        0.8888888887901234
    ],
    "Recall": [
        0.9999999999090909,
        0.9090909090082645,
        0.999999999875
    ],
    "F1_score": [
        0.9999999994090909,
        0.9523809517913832,
        0.9411764699792387
    ],
    "Confusion_Matrix": [
        [
            11,
            0,
            0
        ],
        [
            0,
            10,
            1
        ],
        [
            0,
            0,
            8
        ]
    ]
}