{
    "Accuracy": 0.95,
    "Precision": [
        0.9999999999743591,
        0.9024390243682333,
        0.9499999999762501
    ],
    "Recall": [
        0.9999999999743591,
        0.9487179486936227,
        0.9047619047403629
    ],
    "F1_score": [
        0.9999999994743591,
        0.9249999994771875,
        0.9268292677703748
    ],
    "Confusion_Matrix": [
        [
            39,
            0,
            0
        ],
        [
            0,
            37,
            2
        ],
        [
            0,
            4,
            38
        ]
    ]
}